
CREATE TABLE `answer` (
  `id` int(11) NOT NULL,
  `question_id` int(11) NOT NULL,
  `letter` varchar(1) NOT NULL
) ENGINE=InnoDB DEFAULT CHARSET=latin1;

INSERT INTO `answer` (`id`, `question_id`, `letter`) VALUES
(1001, 1001, 'd'),
(1002, 1002, 'd'),
(1003, 1003, 'd'),
(1004, 1004, 'b'),
(1005, 1005, 'c'),
(1006, 1006, 'c'),
(1007, 1007, 'b'),
(1008, 1008, 'd'),
(1009, 1009, 'a'),
(1010, 1010, 'a'),
(1011, 1011, 'c'),
(1012, 1012, 'c'),
(1013, 1013, 'c'),
(1014, 1014, 'd'),
(1015, 1015, 'b'),
(1016, 1016, 'b'),
(1017, 1017, 'c'),
(1018, 1018, 'a'),
(1019, 1019, 'b'),
(1020, 1020, 'c'),
(1021, 1021, 'b'),
(1022, 1022, 'b'),
(1023, 1023, 'd'),
(1024, 1024, 'b'),
(1025, 1025, 'c'),
(1026, 1026, 'd'),
(1027, 1027, 'a'),
(1028, 1028, 'd'),
(1029, 1029, 'a'),
(1030, 1030, 'c'),
(1031, 1031, 'd'),
(1032, 1032, 'd'),
(1033, 1033, 'a'),
(1034, 1034, 'c'),
(1035, 1035, 'd'),
(1036, 1036, 'b'),
(1037, 1037, 'c'),
(1038, 1038, 'd'),
(1039, 1039, 'b'),
(1040, 1040, 'c'),
(1041, 1041, 'd'),
(1042, 1042, 'd'),
(1043, 1043, 'c'),
(1044, 1044, 'c'),
(1045, 1045, 'b'),
(1046, 1046, 'c'),
(1047, 1047, 'c'),
(1048, 1048, 'b'),
(1049, 1049, 'b'),
(1050, 1050, 'c'),
(1051, 1051, 'd'),
(1052, 1052, 'b'),
(1053, 1053, 'c'),
(1054, 1054, 'b'),
(1055, 1055, 'c'),
(1056, 1056, 'b'),
(1057, 1057, 'c'),
(1058, 1058, 'b'),
(1059, 1059, 'b'),
(1060, 1060, 'c'),
(1061, 1061, 'b'),
(1062, 1062, 'b'),
(1063, 1063, 'c'),
(2001, 2001, 'a'),
(2002, 2002, 'b'),
(2003, 2003, 'c'),
(2004, 2004, 'd'),
(2005, 2005, 'a'),
(2006, 2006, 'd'),
(2007, 2007, 'c'),
(2008, 2008, 'c'),
(2009, 2009, 'c'),
(2010, 2010, 'c'),
(2011, 2011, 'd'),
(2012, 2012, 'c'),
(2013, 2013, 'c'),
(2014, 2014, 'b'),
(2015, 2015, 'b'),
(2016, 2016, 'c'),
(2017, 2017, 'b'),
(2018, 2018, 'c'),
(2019, 2019, 'a'),
(2020, 2020, 'c'),
(2021, 2021, 'b'),
(2022, 2022, 'b'),
(2023, 2023, 'd'),
(2024, 2024, 'c'),
(2025, 2025, 'c'),
(2026, 2026, 'c'),
(2027, 2027, 'b'),
(2028, 2028, 'b'),
(2029, 2029, 'd'),
(2030, 2030, 'b'),
(2031, 2031, 'b'),
(2032, 2032, 'b'),
(2033, 2033, 'd'),
(2034, 2034, 'a'),
(2035, 2035, 'c'),
(2036, 2036, 'a'),
(2037, 2037, 'b'),
(2038, 2038, 'b'),
(2039, 2039, 'b'),
(2040, 2040, 'b'),
(2041, 2041, 'c'),
(2042, 2042, 'd'),
(2043, 2043, 'c'),
(2044, 2044, 'd'),
(2045, 2045, 'b'),
(2046, 2046, 'd'),
(2047, 2047, 'd'),
(2048, 2048, 'a'),
(2049, 2049, 'c'),
(2050, 2050, 'c'),
(2051, 2051, 'c'),
(2052, 2052, 'c'),
(2053, 2053, 'd'),
(2054, 2054, 'c'),
(2055, 2055, 'c'),
(2056, 2056, 'b'),
(2057, 2057, 'a'),
(2058, 2058, 'd'),
(2059, 2059, 'b'),
(2060, 2060, 'b'),
(2061, 2061, 'c'),
(2062, 2062, 'a'),
(2063, 2063, 'b'),
(2064, 2064, 'b'),
(2065, 2065, 'c'),
(2066, 2066, 'c'),
(2067, 2067, 'c'),
(2068, 2068, 'b'),
(2069, 2069, 'b'),
(2070, 2070, 'd'),
(2071, 2071, 'c'),
(2072, 2072, 'c'),
(2073, 2073, 'a'),
(2074, 2074, 'b'),
(2075, 2075, 'b'),
(2076, 2076, 'a'),
(2077, 2077, 'd'),
(2078, 2078, 'c'),
(2079, 2079, 'b'),
(2080, 2080, 'c'),
(2081, 2081, 'b'),
(2082, 2082, 'c'),
(2083, 2083, 'd'),
(2084, 2084, 'c'),
(2085, 2085, 'c'),
(2086, 2086, 'b'),
(2087, 2087, 'b'),
(2088, 2088, 'b'),
(2089, 2089, 'b'),
(2090, 2090, 'b'),
(2091, 2091, 'b'),
(2092, 2092, 'b'),
(2093, 2093, 'c'),
(2094, 2094, 'd'),
(2095, 2095, 'c'),
(2096, 2096, 'b'),
(2097, 2097, 'c'),
(2098, 2098, 'b'),
(2099, 2099, 'a'),
(2100, 2100, 'c'),
(2101, 2005, 'd'),
(2102, 2005, 'c'),
(2103, 2005, 'b'),
(2104, 2006, 'c'),
(2105, 2006, 'a'),
(2106, 2006, 'b'),
(2107, 2007, 'a'),
(2108, 2007, 'd'),
(2109, 2007, 'b'),
(2110, 2008, 'd'),
(2111, 2008, 'a'),
(2112, 2008, 'b'),
(2113, 2009, 'a'),
(2114, 2009, 'b');


CREATE TABLE `answer_choice` (
  `id` int(11) NOT NULL,
  `answer_id` int(11) NOT NULL,
  `choice_id` int(11) NOT NULL
) ENGINE=InnoDB DEFAULT CHARSET=latin1;

CREATE TABLE `category` (
  `id` int(11) NOT NULL,
  `name` varchar(50) NOT NULL,
  `description` varchar(200) NOT NULL,
  `total_questions` int(11) NOT NULL
) ENGINE=InnoDB DEFAULT CHARSET=latin1;

INSERT INTO `category` (`id`, `name`, `description`, `total_questions`) VALUES
(1001, 'signs', 'ROAD SIGNS & MARKINGS', 100),
(1002, 'heavy_controls', 'HEAVY MOTOR VEHICLE CONTROLS', 12),
(1003, 'rules', 'RULES OF THE ROAD', 63),
(1004, 'light_controls', 'LIGHT MOTOR VEHICLE CONTROLS', 8);

CREATE TABLE `choice` (
  `id` int(11) NOT NULL,
  `question_id` int(11) DEFAULT NULL,
  `letter` varchar(1) NOT NULL,
  `text` varchar(200) NOT NULL
) ENGINE=InnoDB DEFAULT CHARSET=latin1;

--
-- Dumping data for table `choice`
--

INSERT INTO `choice` (`id`, `question_id`, `letter`, `text`) VALUES
(1001, 1001, 'a', '(i), (ii) And (iii)'),
(1002, 1001, 'b', '(ii) And (iv)'),
(1003, 1001, 'c', '(i) And (iii)'),
(1004, 1001, 'd', '(i), (iii) And (iv)'),
(1005, 1002, 'a', 'You have right of way when turning right'),
(1006, 1002, 'b', 'You may overtake another vehicle when turning right'),
(1007, 1002, 'c', 'You must stop if the robot turns red even if the flashing green filter arrow is on for you to turn right'),
(1008, 1002, 'd', 'None of the above'),
(1009, 1003, 'a', 'Passengers are waiting to be picked up'),
(1010, 1003, 'b', 'The robot turns to amber and you will stop over the line'),
(1011, 1003, 'c', 'There is a long queue of vehicles in front of you trying to cross the road'),
(1012, 1003, 'd', 'The robot turns amber and you can stop safely behind the stop line'),
(1013, 1004, 'a', 'Keep moving slowly through the intersection if there is no other traffic'),
(1014, 1004, 'b', 'Stop and, when safe, pull off again as on a four-way stop'),
(1015, 1004, 'c', 'Stop and wait for it to turn green before you can go'),
(1016, 1004, 'd', 'Stop because it indicates a police roadblock ahead'),
(1017, 1005, 'a', 'Slow down to a safe speed and turn when it is safe'),
(1018, 1005, 'b', 'Indicate just before turning and turn when it is safe'),
(1019, 1005, 'c', 'Observe around you and indicate well in advance of the turn, slow down to a lower gear, and turn after ensuring that it is safe'),
(1020, 1005, 'd', 'Overtake another turning vehicle if it is moving too slowly'),
(1021, 1006, 'a', 'There is already traffic in the intersection waiting to move and the lights may change at any time'),
(1022, 1006, 'b', 'You want to turn right and there is not enough space in the intersection for other vehicles to turn safely'),
(1023, 1006, 'c', 'a) and b)'),
(1024, 1006, 'd', 'None of the above'),
(1025, 1007, 'a', 'Stop behind the vehicle in front and drive off together with the other vehicle'),
(1026, 1007, 'b', 'Stop regardless of whether there is other traffic or not, and only move if it is safe to do so'),
(1027, 1007, 'c', 'Give the appropriate signal and then keep moving if there is no other traffic coming'),
(1028, 1007, 'd', 'Stop and only move off when there is no other traffic in sight'),
(1029, 1008, 'a', '(i), (iii) And (iv)'),
(1030, 1008, 'b', '(ii) And (iv)'),
(1031, 1008, 'c', '(i)'),
(1032, 1008, 'd', '(iv)'),
(1033, 1009, 'a', '(i) And (iii)'),
(1034, 1009, 'b', '(i), (iii) And (iv)'),
(1035, 1009, 'c', '(ii) And (iv)'),
(1036, 1009, 'd', '(i) And (iv)'),
(1037, 1010, 'a', '(iv)'),
(1038, 1010, 'b', '(i), (iii) And (iv)'),
(1039, 1010, 'c', '(ii)'),
(1040, 1010, 'd', '(i), (ii) And (iii)'),
(1041, 1011, 'a', '(i) And (iv)'),
(1042, 1011, 'b', '(i), (ii) And (iii)'),
(1043, 1011, 'c', '(ii), (iii) And (iv)'),
(1044, 1011, 'd', '(i), (iii) And (iv)'),
(1045, 1012, 'a', 'Driving beams I00 m - passing beams 50 m'),
(1046, 1012, 'b', 'Driving beams I50 m - passing beams 75 m'),
(1047, 1012, 'c', 'Driving beams 100 m - passing beams 45 m'),
(1048, 1012, 'd', 'Driving beams 175 m - passing beams 50 m'),
(1049, 1013, 'a', '(i), (ii) and (iii)'),
(1050, 1013, 'b', '(i), (iii) and (iv)'),
(1051, 1013, 'c', '(i), (ii) and (iv)'),
(1052, 1013, 'd', '(ii), (iii) and (iv)'),
(1053, 1014, 'a', '(i), (ii) And (iii)'),
(1054, 1014, 'b', '(i) And (ii)'),
(1055, 1014, 'c', '(ii)'),
(1056, 1014, 'd', '(i)'),
(1057, 1015, 'a', '(i) And (ii)'),
(1058, 1015, 'b', '(i) And (iii)'),
(1059, 1015, 'c', '(ii) And (iv)'),
(1060, 1015, 'd', '(ii), (iii) And (iv)'),
(1061, 1016, 'a', '(i), (ii) And (iii)'),
(1062, 1016, 'b', '(ii) And (iii)'),
(1063, 1016, 'c', '(iii) And (iv)'),
(1064, 1016, 'd', '(i), (ii), (iii) And (iv)'),
(1065, 1017, 'a', '(i), (ii), (iii) And (iv)'),
(1066, 1017, 'b', '(i) And (iii)'),
(1067, 1017, 'c', '(i), (ii) And (iv)'),
(1068, 1017, 'd', '(ii), (iii) And (iv)'),
(1069, 1018, 'a', '(i), (ii), (iii) And (iv)'),
(1070, 1018, 'b', '(i), (ii) And (iii)'),
(1071, 1018, 'c', '(ii), (iii) And (iv)'),
(1072, 1018, 'd', '(iii) And (iv)'),
(1073, 1019, 'a', '(i), (ii) And (iii)'),
(1074, 1019, 'b', '(ii)'),
(1075, 1019, 'c', '(iii) And (iv)'),
(1076, 1019, 'd', '(i) And (iv)'),
(1077, 1020, 'a', '(i), (ii) And (iii)'),
(1078, 1020, 'b', '(ii), (iii) And (iv)'),
(1079, 1020, 'c', '(i) And (iv)'),
(1080, 1020, 'd', '(ii) And (iii)'),
(1081, 1021, 'a', 'Swerve and pass the vehicle'),
(1082, 1021, 'b', 'Stop without swerving'),
(1083, 1021, 'c', 'hoot and accelerate past it'),
(1084, 1021, 'd', 'Swerve and stop your vehicle next to the other'),
(1085, 1022, 'a', '(i), (ii), (iii) And (iv)'),
(1086, 1022, 'b', '(i), (iii) and (iv)'),
(1087, 1022, 'c', '(ii), (iii) And (iv)'),
(1088, 1022, 'd', '(i), (ii) And (iv)'),
(1089, 1023, 'a', 'Allow a passenger to help him steer the vehicle'),
(1090, 1023, 'b', 'let a passenger ride on the bumper of a vehicle'),
(1091, 1023, 'c', 'leave the vehicle unattended while the engine is still running'),
(1092, 1023, 'd', 'use hand signals on a freeway in on emergency'),
(1093, 1024, 'a', '(i), (iii) And (iv)'),
(1094, 1024, 'b', '(ii) And (iii)'),
(1095, 1024, 'c', '(i), (ii) And (iv)'),
(1096, 1024, 'd', '(ii), (iii) And (iv)'),
(1097, 1025, 'a', 'If the traffic is moving too slowly in your lane'),
(1098, 1025, 'b', 'If you plan to turn right at the next corner'),
(1099, 1025, 'c', 'when ordered to do so by a police or traffic officer'),
(1100, 1025, 'd', 'under no circumstances'),
(1101, 1026, 'a', '0,75 mm over the whole surface'),
(1102, 1026, 'b', '1,0 mm over at least 80% of the surface'),
(1103, 1026, 'c', '1,25 mm over at least 70% of the surface'),
(1104, 1026, 'd', '1,0 mm over the whole surface'),
(1105, 1027, 'a', '(i), (ii), (iii) And (iv)'),
(1106, 1027, 'b', '(ii) And (iii)'),
(1107, 1027, 'c', '(i) And (iii)'),
(1108, 1027, 'd', '(ii) And (iv)'),
(1109, 1028, 'a', '(i)'),
(1110, 1028, 'b', '(i) And (ii)'),
(1111, 1028, 'c', '(i) And (iii)'),
(1112, 1028, 'd', '(i), (ii) And (iii)'),
(1113, 1029, 'a', '9 m from a pedestrian crossing'),
(1114, 1029, 'b', '5 m from a roadway crossing'),
(1115, 1029, 'c', '4mfromotunnel'),
(1116, 1029, 'd', 'opposite another vehicle where the road is 8 m wide'),
(1117, 1030, 'a', 'within 24 hours'),
(1118, 1030, 'b', 'within 36 hours'),
(1119, 1030, 'c', 'Immediately'),
(1120, 1030, 'd', 'within 12 hours'),
(1121, 1031, 'a', 'Shift the gears for him/her'),
(1122, 1031, 'b', 'hold the steering wheel'),
(1123, 1031, 'c', 'make hand signals'),
(1124, 1031, 'd', 'None of the above'),
(1125, 1032, 'a', '4m'),
(1126, 1032, 'b', '3,5 m'),
(1127, 1032, 'c', '5m'),
(1128, 1032, 'd', 'None of the above'),
(1129, 1033, 'a', 'when driving on all roods'),
(1130, 1033, 'b', 'while parking'),
(1131, 1033, 'c', 'when the vehicle is parked'),
(1132, 1033, 'd', 'All of the above'),
(1133, 1034, 'a', 'on the driver''s lop'),
(1134, 1034, 'b', 'on a passenger''s lop'),
(1135, 1034, 'c', 'In a special child seat and is properly secured with a seat belt'),
(1136, 1034, 'd', 'All of the above'),
(1137, 1035, 'a', '(i), (ii), (iii) And (iv)'),
(1138, 1035, 'b', '(i), (ii) And (iii)'),
(1139, 1035, 'c', '(i)'),
(1140, 1035, 'd', '(ii)'),
(1141, 1036, 'a', 'for 12 hours in the some place next to a public road in a rural area'),
(1142, 1036, 'b', 'for 24 hours or more in the some place next to a public road in a rural area'),
(1143, 1036, 'c', 'for 5 days in the some place next to a public road in on urban area'),
(1144, 1036, 'd', 'All of the above'),
(1145, 1037, 'a', '21 days'),
(1146, 1037, 'b', '10 days'),
(1147, 1037, 'c', '7 days'),
(1148, 1037, 'd', '6 days'),
(1149, 1038, 'a', 'fill up with petrol while the engine is running'),
(1150, 1038, 'b', 'Drive on a sidewalk'),
(1151, 1038, 'c', 'move backwards without checking for safety'),
(1152, 1038, 'd', 'None of the above'),
(1153, 1039, 'a', 'to signal to someone that you want to offer them a lift'),
(1154, 1039, 'b', 'in on attempt to avoid a collision'),
(1155, 1039, 'c', 'to tell the driver in front to go faster'),
(1156, 1039, 'd', 'none of the above'),
(1157, 1040, 'a', 'you must be able to hear it from at least 40 m away'),
(1158, 1040, 'b', 'you can only hoot once in front of a hospital'),
(1159, 1040, 'c', 'the tone or pitch of the sound may not change'),
(1160, 1040, 'd', 'none of the above'),
(1161, 1041, 'a', '(i) And (ii)'),
(1162, 1041, 'b', '(ii) And {iii)'),
(1163, 1041, 'c', '(ii) And (iv)'),
(1164, 1041, 'd', '(i) And (iii)'),
(1165, 1042, 'a', '24 months'),
(1166, 1042, 'b', '6 months'),
(1167, 1042, 'c', '90 days'),
(1168, 1042, 'd', 'l2 months'),
(1169, 1043, 'a', '(i), (ii) And (iv)'),
(1170, 1043, 'b', '(ii), (iii) And (iv)'),
(1171, 1043, 'c', '(i), (iii) And (iv)'),
(1172, 1043, 'd', '(i) And (iv)'),
(1173, 1044, 'a', 'check your mirror'),
(1174, 1044, 'b', 'check the road ahead'),
(1175, 1044, 'c', 'check your blind spot'),
(1176, 1044, 'd', 'none of the above'),
(1177, 1045, 'a', '3 seconds'),
(1178, 1045, 'b', '2 seconds'),
(1179, 1045, 'c', '4 seconds'),
(1180, 1045, 'd', 'All of the above'),
(1181, 1046, 'a', '(i), (ii) And (iv)'),
(1182, 1046, 'b', '(ii), (iii) And (iv)'),
(1183, 1046, 'c', '(i), (ii) And (iii)'),
(1184, 1046, 'd', '(i), (iii) and (iv)'),
(1185, 1047, 'a', '90 km/h'),
(1186, 1047, 'b', '80 km/h'),
(1187, 1047, 'c', '60 km/h'),
(1188, 1047, 'd', '40 km/h'),
(1189, 1048, 'a', 'never exceed the speed limit'),
(1190, 1048, 'b', 'keep as far to the left as is safe'),
(1191, 1048, 'c', 'always stop to give someone help in case of a breakdown'),
(1192, 1048, 'd', 'always be a courteous and helpful driver'),
(1193, 1049, 'a', '(i), (ii) And (iii)'),
(1194, 1049, 'b', '(iv)'),
(1195, 1049, 'c', '(ii) And (iv)'),
(1196, 1049, 'd', '(i), (ii), (iii) And (iv)'),
(1197, 1050, 'a', 'Indicate that you are going to change lanes'),
(1198, 1050, 'b', 'apply your brakes a few times, then change lanes'),
(1199, 1050, 'c', 'Check for traffic behind and in the blind spot, then signal and change lanes when it is safe'),
(1200, 1050, 'd', 'None of the above'),
(1201, 1051, 'a', 'you put your indicator on long before'),
(1202, 1051, 'b', 'The road is clear of traffic for a shod distance'),
(1203, 1051, 'c', 'you cross quickly before the road is too busy'),
(1204, 1051, 'd', 'you are sure that the road is clear of traffic for a long distance'),
(1205, 1052, 'a', 'Stop and direct traffic'),
(1206, 1052, 'b', 'give right of way to the emergency vehicle'),
(1207, 1052, 'c', 'Switch on your emergency lights, blow your hooter and lead the way for the emergency vehicle while flashing your lights'),
(1208, 1052, 'd', 'None of the above'),
(1209, 1053, 'a', '(i), (iii) And (iv)'),
(1210, 1053, 'b', '(ii), (iii) And (iv)'),
(1211, 1053, 'c', '(ii) And (iv)'),
(1212, 1053, 'd', '(i), (ii) And (iv)'),
(1213, 1054, 'a', 'Can drive to work by yourself if it is very early in the morning and there is no traffic about'),
(1214, 1054, 'b', 'Can only drive if there is someone in the vehicle who hos a license of the some code'),
(1215, 1054, 'c', 'Cannot drive on a freeway'),
(1216, 1054, 'd', 'Cannot carry passengers'),
(1217, 1055, 'a', 'If you are in vehicle A you may treat this as a yield'),
(1218, 1055, 'b', 'If you are in vehicle B, you must slow down with vehicle A and when it moves off you can move with it'),
(1219, 1055, 'c', 'vehicle A must stop before the line RTM 1'),
(1220, 1055, 'd', 'If vehicle B sees vehicle A stop at the line, and the intersection is clear, it can quickly go past vehicle A'),
(1221, 1056, 'a', 'must proceed straight on'),
(1222, 1056, 'b', 'must proceed straight on or turn right'),
(1223, 1056, 'c', 'must turn right'),
(1224, 1056, 'd', 'must proceed straight on or turn left'),
(1225, 1057, 'a', 'this is a stopping area for emergency vehicles only'),
(1226, 1057, 'b', 'this is a reserved area for motorcycles'),
(1227, 1057, 'c', 'you may not slop or park here at anytime'),
(1228, 1057, 'd', 'none of the above'),
(1229, 1058, 'a', 'this is a lane for trucks only'),
(1230, 1058, 'b', 'you may not stop your vehicle next to this line during the time period indicated on an accompanying sign'),
(1231, 1058, 'c', 'this lane is for emergency vehicles only'),
(1232, 1058, 'd', 'none of the above'),
(1233, 1059, 'a', 'wait until vehicle A moves again, then follow it'),
(1234, 1059, 'b', 'wait until it is safe, then do the necessary observations and overtake'),
(1235, 1059, 'c', 'Try to squeeze between the white line and vehicle A as quickly as possible'),
(1236, 1059, 'd', 'None of the above'),
(1237, 1060, 'a', 'Indicate and change lanes quickly'),
(1238, 1060, 'b', 'Check for safety and then change lanes quickly'),
(1239, 1060, 'c', 'look in the mirrors and blind spots, indicate, check for safety, and then change lanes'),
(1240, 1060, 'd', 'wait until you stop at the robot, then change lanes'),
(1241, 1061, 'a', 'when you want to drive slower than I00 km/h'),
(1242, 1061, 'b', 'if your tyre is flat and you need to change it'),
(1243, 1061, 'c', 'if the faster cars behind want to pass you'),
(1244, 1061, 'd', 'none of the above'),
(1245, 1062, 'a', 'that you may not cross when you see these lines'),
(1246, 1062, 'b', 'that these are the lane lines for all road users'),
(1247, 1062, 'c', 'that these lines are found only on freeways'),
(1248, 1062, 'd', 'none of the above'),
(1249, 1063, 'a', 'these lines divide the traffic'),
(1250, 1063, 'b', 'these are the stop lines for an intersection'),
(1251, 1063, 'c', 'these are the lines for pedestrians to cross at'),
(1252, 1063, 'd', 'none of the above'),
(2001, 2001, 'a', 'Regulatory'),
(2002, 2001, 'b', 'Warning'),
(2003, 2001, 'c', 'Guidance'),
(2004, 2001, 'd', 'Information'),
(2005, 2002, 'a', 'Regulatory'),
(2006, 2002, 'b', 'Warning'),
(2007, 2002, 'c', 'Guidance'),
(2008, 2002, 'd', 'Information'),
(2009, 2003, 'a', 'Regulatory'),
(2010, 2003, 'b', 'Warning'),
(2011, 2003, 'c', 'Guidance & information'),
(2012, 2003, 'd', 'Variable'),
(2013, 2004, 'a', 'Regulatory'),
(2014, 2004, 'b', 'Warning'),
(2015, 2004, 'c', 'Guidance & information'),
(2016, 2004, 'd', 'Selective restriction'),
(2017, 2005, 'a', 'Control'),
(2018, 2005, 'b', 'Command'),
(2019, 2005, 'c', 'Prohibition'),
(2020, 2005, 'd', 'Reservation'),
(2021, 2006, 'a', 'Temporary warning'),
(2022, 2006, 'b', 'Route marker'),
(2023, 2006, 'c', 'Permanent warning'),
(2024, 2006, 'd', 'Guidance sign'),
(2025, 2007, 'a', 'Route markers'),
(2026, 2007, 'b', 'Location'),
(2027, 2007, 'c', 'Direction'),
(2028, 2007, 'd', 'Diagrammatic'),
(2029, 2008, 'a', 'Temporary warning'),
(2030, 2008, 'b', 'Permanent information'),
(2031, 2008, 'c', 'Temporary information'),
(2032, 2008, 'd', 'Permanent regulatory'),
(2033, 2009, 'a', 'Permanent warning'),
(2034, 2009, 'b', 'Selective restriction'),
(2035, 2009, 'c', 'Permanent guidance & information'),
(2036, 2010, 'a', 'Go faster'),
(2037, 2010, 'b', 'Slow down'),
(2038, 2010, 'c', 'Stop'),
(2039, 2010, 'd', 'Yield'),
(2040, 2011, 'a', 'Hoot at the vehicle in front for moving too slowly'),
(2041, 2011, 'b', 'Use your hooter'),
(2042, 2011, 'c', 'Hoot back when someone hoots at you'),
(2043, 2011, 'd', 'All of the above'),
(2044, 2012, 'a', 'Check if your mileage reads 300, 200, I00, 0'),
(2045, 2012, 'b', 'Stop for a police roadblock in 300 m'),
(2046, 2012, 'c', 'Begin slowing down if turning off a freeway'),
(2047, 2012, 'd', 'Check your 3-second following distance'),
(2048, 2013, 'a', 'Drive on the pointed island'),
(2049, 2013, 'b', 'Stop on this pointed island to have a break'),
(2050, 2013, 'c', 'Not drive or stop on this pointed island'),
(2051, 2013, 'd', 'Only overtake where you see this line'),
(2052, 2014, 'a', 'Stopping between the times indicated'),
(2053, 2014, 'b', 'Driving here between 06:00 and 09:00'),
(2054, 2014, 'c', 'Parking here for 3 hours'),
(2055, 2014, 'd', 'Speeding here between 06:00 and 09:00'),
(2056, 2015, 'a', 'No entry in the direction of the arrow'),
(2057, 2015, 'b', 'A one-way roadway'),
(2058, 2015, 'c', 'Keep a lookout for traffic from the right'),
(2059, 2015, 'd', 'Keep as far to the left of the road as possible'),
(2060, 2016, 'a', 'Slow down and stop'),
(2061, 2016, 'b', 'Change down a gear and go left or right since you have right of way'),
(2062, 2016, 'c', 'Get ready to stop and then to turn right or left'),
(2063, 2016, 'd', 'Not enter as this road is closed to all traffic'),
(2064, 2017, 'a', 'You must stop where the arrow is pointing'),
(2065, 2017, 'b', 'You must keep left'),
(2066, 2017, 'c', 'There are vehicles coming from that direction'),
(2067, 2017, 'd', 'There is a one-way in that direction'),
(2068, 2018, 'a', 'There is a deport off to the left of this road'),
(2069, 2018, 'b', 'The road ends at this area to the left'),
(2070, 2018, 'c', '500 m ahead there is on arrestor bed to the left if your brakes fail'),
(2071, 2018, 'd', 'There is a race track 500 m from the side of the road'),
(2072, 2019, 'a', 'Only one vehicle can pass through this area at a time'),
(2073, 2019, 'b', 'This area is for narrow vehicles only'),
(2074, 2019, 'c', 'The road narrows from both sides'),
(2075, 2019, 'd', 'None of these are correct'),
(2076, 2020, 'a', 'That there is a road bridge ahead'),
(2077, 2020, 'b', 'To be on the lookout for other vehicles'),
(2078, 2020, 'c', 'That if you are driving a motor car you must drive here'),
(2079, 2020, 'd', 'All of the above'),
(2080, 2021, 'a', 'Slow down in case other vehicles are coming'),
(2081, 2021, 'b', 'Right of way is yours'),
(2082, 2021, 'c', 'Be on the lookout for a yellow flashing light'),
(2083, 2021, 'd', 'You have right of way at a yield sign'),
(2084, 2022, 'a', 'Go at 60 km/h and faster'),
(2085, 2022, 'b', 'Not exceed 60 km/h'),
(2086, 2022, 'c', 'Drive for 60 kilometers'),
(2087, 2022, 'd', 'Increase his/her speed to 60 km/h'),
(2088, 2023, 'a', 'Avoid this lane'),
(2089, 2023, 'b', 'No high loads in this lane'),
(2090, 2023, 'c', 'This is a dangerous lane, no entry'),
(2091, 2023, 'd', 'You may drive in this lane'),
(2092, 2024, 'a', 'Speed humps ahead'),
(2093, 2024, 'b', 'Beware of potholes ahead'),
(2094, 2024, 'c', 'There is a low water drift ahead'),
(2095, 2024, 'd', 'Uneven wet road ahead'),
(2096, 2025, 'a', 'No parking in this area'),
(2097, 2025, 'b', 'Motor cars may not stop here'),
(2098, 2025, 'c', 'No light motor vehicles may drive here'),
(2099, 2025, 'd', 'None of the above'),
(2100, 2026, 'a', 'Mercedes Benz motor vehicles'),
(2101, 2026, 'b', 'Motorcycles'),
(2102, 2026, 'c', 'mini-buses'),
(2103, 2026, 'd', 'None of the above'),
(2104, 2027, 'a', 'Vehicles weighing less than this are not allowed'),
(2105, 2027, 'b', 'Vehicles weighing more than his are not allowed post this sign'),
(2106, 2027, 'c', 'Two trucks are not allowed at the same time'),
(2107, 2027, 'd', 'None of the above'),
(2108, 2028, 'a', 'Only tractors are allowed to stop here'),
(2109, 2028, 'b', 'Only agricultural vehicles may drive here'),
(2110, 2028, 'c', 'You can drive here if you wish to'),
(2111, 2028, 'd', 'None of the above'),
(2112, 2029, 'a', 'Proceed since you have right of way'),
(2113, 2029, 'b', 'Give right of way to other vehicles'),
(2114, 2029, 'c', 'Make a U-turn'),
(2115, 2029, 'd', 'Slow down and give right of way to other vehicles in the traffic circle'),
(2116, 2030, 'a', 'Stop at a pedestrian crossing'),
(2117, 2030, 'b', 'Give right of way to all pedestrians'),
(2118, 2030, 'c', 'Be on the lookout for joggers'),
(2119, 2030, 'd', 'None of the above'),
(2120, 2031, 'a', 'Drive for 50 kilometres'),
(2121, 2031, 'b', 'Drive at 50 km/h or more'),
(2122, 2031, 'c', 'Drive slower than 50 km/h'),
(2123, 2031, 'd', 'None of the above'),
(2124, 2032, 'a', 'Only motorcycles may drive here'),
(2125, 2032, 'b', 'Only pedal cycles may ride here'),
(2126, 2032, 'c', 'Drivers must beware of cyclists'),
(2127, 2032, 'd', 'No cyclists may ride here'),
(2128, 2033, 'a', 'Slow down and keep moving if it is safe'),
(2129, 2033, 'b', 'Try to get post as quickly as possible'),
(2130, 2033, 'c', 'Get out of the vehicle and direct the traffic'),
(2131, 2033, 'd', 'Be on the lookout for stop/go traffic controllers'),
(2132, 2034, 'a', 'Proceed left only'),
(2133, 2034, 'b', 'Turn left if you want to'),
(2134, 2034, 'c', 'Look out for vehicles turning left'),
(2135, 2034, 'd', 'All of the above'),
(2136, 2035, 'a', 'They are only allowed to drive through here 10 times'),
(2137, 2035, 'b', 'The maximum possible mass is 10 tons'),
(2138, 2035, 'c', 'The minimum possible mass is 10 tons'),
(2139, 2035, 'd', 'Only 10 trucks are allowed at a time'),
(2140, 2036, 'a', 'Only goods vehicles are allowed'),
(2141, 2036, 'b', 'No trucks are allowed'),
(2142, 2036, 'c', 'It is a truck parking lot'),
(2143, 2036, 'd', 'It is a truck loading zone'),
(2144, 2037, 'a', 'The minimum speed limit'),
(2145, 2037, 'b', 'The maximum speed limit'),
(2146, 2037, 'c', 'The distance to the next town'),
(2147, 2037, 'd', 'None of the above'),
(2148, 2038, 'a', 'Pedestrians only in the area'),
(2149, 2038, 'b', 'Authorised vehicles only'),
(2150, 2038, 'c', 'No double parking'),
(2151, 2038, 'd', 'Parallel parking only'),
(2152, 2039, 'a', 'Overtake on the right'),
(2153, 2039, 'b', 'Turn to the right'),
(2154, 2039, 'c', 'Make a U-turn to the right'),
(2155, 2039, 'd', 'Use a right-hand signal'),
(2156, 2040, 'a', 'Parallel parking is not allowed'),
(2157, 2040, 'b', 'They may not overtake'),
(2158, 2040, 'c', 'They may not drive in the right-hand lane'),
(2159, 2040, 'd', 'They may not stop next to each other and chat'),
(2160, 2041, 'a', 'Only cyclists are allowed here'),
(2161, 2041, 'b', 'No racing is allowed in this area'),
(2162, 2041, 'c', 'They are not allowed here'),
(2163, 2041, 'd', 'None of the above'),
(2164, 2042, 'a', 'Motorcycles'),
(2165, 2042, 'b', 'Light motor vehicles'),
(2166, 2042, 'c', 'Trucks'),
(2167, 2042, 'd', 'All the above'),
(2168, 2043, 'a', 'Abnormal vehicles'),
(2169, 2043, 'b', 'Construction vehicles'),
(2170, 2043, 'c', 'Goods vehicles'),
(2171, 2043, 'd', 'Agricultural vehicles'),
(2172, 2044, 'a', 'Mini-buses'),
(2173, 2044, 'b', 'Motor vehicles'),
(2174, 2044, 'c', 'midi-buses'),
(2175, 2044, 'd', 'Taxis'),
(2176, 2045, 'a', 'Milk loads'),
(2177, 2045, 'b', 'Hazardous substances'),
(2178, 2045, 'c', 'Water'),
(2179, 2045, 'd', 'None of the above'),
(2180, 2046, 'a', 'No rickshaws are allowed'),
(2181, 2046, 'b', 'No agricultural vehicles are allowed'),
(2182, 2046, 'c', 'No animals are allowed'),
(2183, 2046, 'd', 'No animal-drawn vehicles are allowed'),
(2184, 2047, 'a', 'Delivery vehicles'),
(2185, 2047, 'b', 'Goods vehicles'),
(2186, 2047, 'c', 'Vehicles carrying hazardous substances'),
(2187, 2047, 'd', 'None of the above'),
(2188, 2048, 'a', 'Light motor vehicles'),
(2189, 2048, 'b', 'Taxis'),
(2190, 2048, 'c', 'Mini-buses'),
(2191, 2048, 'd', 'None of the above'),
(2192, 2049, 'a', 'Rickshaws'),
(2193, 2049, 'b', 'Disabled persons'' parking'),
(2194, 2049, 'c', 'Vehicles transporting disabled persons'),
(2195, 2049, 'd', 'None of the above'),
(2196, 2050, 'a', 'Stop for 60 minutes'),
(2197, 2050, 'b', 'Park post office vehicles'),
(2198, 2050, 'c', 'Park for 60 minutes'),
(2199, 2050, 'd', 'None of the above'),
(2200, 2051, 'a', 'Two-way traffic ahead'),
(2201, 2051, 'b', 'A dual roadway ahead'),
(2202, 2051, 'c', 'Two-way traffic crossroads head'),
(2203, 2051, 'd', 'A busy road head'),
(2204, 2052, 'a', 'You are driving a light motor vehicle'),
(2205, 2052, 'b', 'You are on a gravel road'),
(2206, 2052, 'c', 'There is reduced visibility'),
(2207, 2052, 'd', 'You are driving at night'),
(2208, 2053, 'a', 'The road narrows from one side only'),
(2209, 2053, 'b', 'A dual roadway begins'),
(2210, 2053, 'c', 'Two-way traffic ends'),
(2211, 2053, 'd', 'A dual roadway ends'),
(2212, 2054, 'a', 'An even roadway begins'),
(2213, 2054, 'b', 'There are loose stones ahead'),
(2214, 2054, 'c', 'A gravel road begins ahead'),
(2215, 2054, 'd', 'None of the above applies'),
(2216, 2055, 'a', 'Dual roadway ends here'),
(2217, 2055, 'b', 'Road narrows from the left-hand side'),
(2218, 2055, 'c', 'Left lane ends here'),
(2219, 2055, 'd', 'Slow lane ends here'),
(2220, 2056, 'a', 'Winding road'),
(2221, 2056, 'b', 'Combined curve, first to the left'),
(2222, 2056, 'c', 'Hairpin bend'),
(2223, 2056, 'd', 'Combined curve, first to the right'),
(2224, 2057, 'a', 'A staggered junction'),
(2225, 2057, 'b', 'A sharp junction, from left then right'),
(2226, 2057, 'c', 'Cross traffic ahead'),
(2227, 2057, 'd', 'None of the above'),
(2228, 2058, 'a', 'A gravel road starting ahead'),
(2229, 2058, 'b', 'Rough sea washing across the road'),
(2230, 2058, 'c', 'The possibility of loose boulders head'),
(2231, 2058, 'd', 'On uneven roadway ahead'),
(2232, 2059, 'a', 'Stopping where you see this sign'),
(2233, 2059, 'b', 'Stopping where you see this sign during these two time periods'),
(2234, 2059, 'c', 'Stopping unless you are 7m to 9m from the sign'),
(2235, 2059, 'd', 'None of the above'),
(2236, 2060, 'a', 'There is a chevron ahead'),
(2237, 2060, 'b', 'You are approaching a T-junction'),
(2238, 2060, 'c', 'You are approaching a two-way stop'),
(2239, 2060, 'd', 'None of the above'),
(2240, 2061, 'a', 'Go slower than 60 km/h for 7 km'),
(2241, 2061, 'b', 'Only drive for 7 km, then the lane ends'),
(2242, 2061, 'c', 'Drive at a minimum of 60 km/h for 7 km'),
(2243, 2061, 'd', 'None of the above'),
(2244, 2062, 'a', 'You are coming to a secondary crossroad and you must expect to stop or yield'),
(2245, 2062, 'b', 'There are crossroad ahead'),
(2246, 2062, 'c', 'There is a primary crossroad ahead'),
(2247, 2062, 'd', 'None of the above'),
(2248, 2063, 'a', 'They cannot travel at less than 125 km/h'),
(2249, 2063, 'b', 'Motorcycles of 125 cc or less are not allowed'),
(2250, 2063, 'c', 'Only 125 cc motorcycles are allowed on this road'),
(2251, 2063, 'd', 'Motorcycles above 125 cc are not allowed'),
(2252, 2064, 'a', 'There are crossroads ahead'),
(2253, 2064, 'b', 'Ahead of you is a priority crossroad, you have right of way, and vehicles on the crossroad will have to stop or yield'),
(2254, 2064, 'c', 'There are skew crossroads ahead'),
(2255, 2064, 'd', 'None of the above'),
(2256, 2065, 'a', 'Is a pedestrian crossing ahead'),
(2257, 2065, 'b', 'Are children and adults crossing the road'),
(2258, 2065, 'c', 'Are children ahead'),
(2259, 2065, 'd', 'Is a school ahead'),
(2260, 2066, 'a', 'A sloping road lo the right'),
(2261, 2066, 'b', 'A sharp curve to the right'),
(2262, 2066, 'c', 'A hairpin bend ahead to the right'),
(2263, 2066, 'd', 'None of the above'),
(2264, 2067, 'a', 'There are trucks ahead of you'),
(2265, 2067, 'b', 'There is a steep ascent to the left ahead with trucks in front of you'),
(2266, 2067, 'c', 'You must be aware of slow-moving heavy vehicles ahead of you'),
(2267, 2067, 'd', 'None of the above'),
(2268, 2068, 'a', 'The load you are carrying on your vehicle must not exceed 4,42 kg'),
(2269, 2068, 'b', 'There is a height restriction ahead'),
(2270, 2068, 'c', 'Only vehicles of this height cannot enter'),
(2271, 2068, 'd', 'None of the above'),
(2272, 2069, 'a', 'Compulsory stopping for pedestrians between these limes'),
(2273, 2069, 'b', 'That pedestrians are not allowed in this area between these limes'),
(2274, 2069, 'c', 'No walking between these times, only jogging'),
(2275, 2069, 'd', 'A pedestrian crossing between these times'),
(2276, 2070, 'a', 'Freeway ends ahead'),
(2277, 2070, 'b', 'Road narrows from both sides ahead'),
(2278, 2070, 'c', 'Road narrows from the left-hand side only'),
(2279, 2070, 'd', 'Road narrows from the right-hand side only'),
(2280, 2071, 'a', 'Concealed curves ahead'),
(2281, 2071, 'b', 'Concealed driveways to the right and then the left'),
(2282, 2071, 'c', 'A winding road ahead, first left, for 7 km'),
(2283, 2071, 'd', 'A winding road ahead, first right, for 7 km'),
(2284, 2072, 'a', 'Not to stop in the tunnel ahead'),
(2285, 2072, 'b', 'Not to overtake in the tunnel ahead'),
(2286, 2072, 'c', 'Of a tunnel ahead'),
(2287, 2072, 'd', 'Of a two-vehicle width structure ahead'),
(2288, 2073, 'a', 'A robot ahead'),
(2289, 2073, 'b', 'A police roadblock ahead'),
(2290, 2073, 'c', 'A robot out of order head'),
(2291, 2073, 'd', 'Emergency flashing lights ahead'),
(2292, 2074, 'a', 'Sharp curves ahead (left and right)'),
(2293, 2074, 'b', 'Concealed driveways ahead (left and right)'),
(2294, 2074, 'c', 'The road winding ahead (left and right)'),
(2295, 2074, 'd', 'None of the above'),
(2296, 2075, 'a', 'More than 100 times at night'),
(2297, 2075, 'b', 'At more than 100 km/h at night'),
(2298, 2075, 'c', 'At less than 100 km/h at night'),
(2299, 2075, 'd', 'None of the above'),
(2300, 2076, 'a', 'A pedestrian crossing ahead'),
(2301, 2076, 'b', 'Joggers on the road ahead'),
(2302, 2076, 'c', 'Elderly people head'),
(2303, 2076, 'd', 'Pedestrians ahead'),
(2304, 2077, 'a', 'you are coming to the end of a one-way road'),
(2305, 2077, 'b', 'there is two-way traffic ahead'),
(2306, 2077, 'c', 'a dual roadway begins ahead'),
(2307, 2077, 'd', 'there is a sharp junction ahead'),
(2308, 2078, 'a', 'falling stones ahead'),
(2309, 2078, 'b', 'a gravel road ahead'),
(2310, 2078, 'c', 'loose stones ahead'),
(2311, 2078, 'd', 'None of the above'),
(2312, 2079, 'a', 'workers are tending the gardens ahead'),
(2313, 2079, 'b', 'there are roadworks ahead'),
(2314, 2079, 'c', 'there are farm workers ahead'),
(2315, 2079, 'd', 'None of the above'),
(2316, 2080, 'a', 'a winding road ahead'),
(2317, 2080, 'b', 'a wet road ahead'),
(2318, 2080, 'c', 'a slippery road ahead'),
(2319, 2080, 'd', 'drunk driving ahead'),
(2320, 2081, 'a', 'a good fishing spot ahead'),
(2321, 2081, 'b', 'a jetty edge or river bank ahead'),
(2322, 2081, 'c', 'a drift ahead'),
(2323, 2081, 'd', 'None of the above'),
(2324, 2082, 'a', 'robot ahead'),
(2325, 2082, 'b', 'robot ahead is not working'),
(2326, 2082, 'c', 'there is an emergency blockade ahead'),
(2327, 2082, 'd', 'None of the above'),
(2328, 2083, 'a', 'look out for a slippery road for 7 km'),
(2329, 2083, 'b', 'look out for sharp bends for 7 km'),
(2330, 2083, 'c', 'look out for combined curves for 7 km'),
(2331, 2083, 'd', 'None of the above'),
(2332, 2084, 'a', 'a sharp curve to the left'),
(2333, 2084, 'b', 'danger (pass to the right)'),
(2334, 2084, 'c', 'danger (pass to the left)'),
(2335, 2084, 'd', 'None of the above'),
(2336, 2085, 'a', 'A sharp curve chevron to the right'),
(2337, 2085, 'b', 'Danger to the left'),
(2338, 2085, 'c', 'A sharp curve chevron to the left'),
(2339, 2085, 'd', 'A T-junction'),
(2340, 2086, 'a', 'A T-junction ahead'),
(2341, 2086, 'b', 'A dead end ahead'),
(2342, 2086, 'c', 'Danger to the right and left'),
(2343, 2086, 'd', 'None of the above'),
(2344, 2087, 'a', 'Stop and wait for the green light'),
(2345, 2087, 'b', 'Stop, check, and if safe, move off if turning left'),
(2346, 2087, 'c', 'Slow down, look to see if it is safe, and go if safe'),
(2347, 2087, 'd', 'None of the above'),
(2348, 2088, 'a', 'If moving straight or turning right you may proceed'),
(2349, 2088, 'b', 'If moving straight or turning left you may proceed'),
(2350, 2088, 'c', 'If turning right or left you may proceed'),
(2351, 2088, 'd', 'None of the above'),
(2352, 2089, 'a', 'There is a turn off to the left'),
(2353, 2089, 'b', 'That there is on additional lane in the road ahead'),
(2354, 2089, 'c', 'There is a parking area lo the left'),
(2355, 2089, 'd', 'None of the above'),
(2356, 2090, 'a', 'This is the beginning of an one-way road'),
(2357, 2090, 'b', 'The left lane is coming to an end'),
(2358, 2090, 'c', 'There is a sharp junction from the right'),
(2359, 2090, 'd', 'There is a sharp junction from the left'),
(2360, 2091, 'a', 'The road is slippery for 8 km'),
(2361, 2091, 'b', 'The road winds for the next 8 km'),
(2362, 2091, 'c', 'The road starts winding after 8 km'),
(2363, 2091, 'd', 'None of the above'),
(2364, 2092, 'a', 'This is a two-way street'),
(2365, 2092, 'b', 'You may not cross or overtake in this area'),
(2366, 2092, 'c', 'Overtaking is prohibited from both sides'),
(2367, 2092, 'd', 'None of the above'),
(2368, 2093, 'a', 'This is the official stopping area in the road'),
(2369, 2093, 'b', 'This is a stopping zone for buses and taxis'),
(2370, 2093, 'c', 'You must keep this area clear of all times'),
(2371, 2093, 'd', 'None of the above'),
(2372, 2094, 'a', 'You may only park within these demarcated areas'),
(2373, 2094, 'b', 'At this type of pedestrian crossing you do not have to stop'),
(2374, 2094, 'c', 'You only have to stop if there is more than one person waiting'),
(2375, 2094, 'd', 'You may not stop or park within these areas and pedestrians have complete right of way'),
(2376, 2095, 'a', 'There is a gentle curve ahead'),
(2377, 2095, 'b', 'You must keep as far left as possible'),
(2378, 2095, 'c', 'There are no overtaking or no crossing lines ahead'),
(2379, 2095, 'd', 'You must turn in the direction of the arrows'),
(2380, 2096, 'a', 'You may not overtake from either side'),
(2381, 2096, 'b', 'You may overtake if travelling in direction x'),
(2382, 2096, 'c', 'You may overtake if travelling in direction y'),
(2383, 2096, 'd', 'None of these'),
(2384, 2097, 'a', 'This is a parking area is for bicycles'),
(2385, 2097, 'b', 'You must beware of racing bikes'),
(2386, 2097, 'c', 'This is a reserved area for cyclists'),
(2387, 2097, 'd', 'None of the above'),
(2388, 2098, 'a', 'Restrict the maximum speed limit in this lane'),
(2389, 2098, 'b', 'Control the minimum speed limit in this lane'),
(2390, 2098, 'c', 'Control the number of vehicles in this lane at any given time'),
(2391, 2098, 'd', 'None of the above'),
(2392, 2099, 'a', 'It warns of a dead end to the right'),
(2393, 2099, 'b', 'It warns of a dead end to the left'),
(2394, 2099, 'c', 'It shows on entrance to a shopping centre'),
(2395, 2099, 'd', 'None of the above'),
(2396, 2100, 'a', 'There is a photographer after 60 km'),
(2397, 2100, 'b', 'Drive below 60 km/h and you will be photographed'),
(2398, 2100, 'c', 'It warns drivers that if they exceed 60 km/h they might be caught by a camera speed trap'),
(2399, 2100, 'd', 'None of the above');

CREATE TABLE `choice_span` (
  `id` int(11) NOT NULL,
  `question_id` int(11) NOT NULL,
  `rom_figure` varchar(3) NOT NULL,
  `text` varchar(200) NOT NULL
) ENGINE=InnoDB DEFAULT CHARSET=latin1;

INSERT INTO `choice_span` (`id`, `question_id`, `rom_figure`, `text`) VALUES
(1001, 1001, 'ii', 'And pedestrians waiting to cross have a red man, you must still stop for them'),
(1002, 1001, 'iii', 'Pedestrians crossing the intersection after the little man hos turned red, still have right of way'),
(1003, 1001, 'i', 'And the little green man of the pedestrian crossing is still on, you may go if there are no pedestrians crossing'),
(1004, 1001, 'iv', 'Motor vehicles have right of way over pedestrians where there are no crossing lines'),
(1005, 1008, 'ii', 'Keep the speed slower than 30 km/h'),
(1006, 1008, 'iii', 'Carry only two passengers in the towed vehicle'),
(1007, 1008, 'i', 'Only use a tow rope shorter than 3,5 m'),
(1008, 1008, 'iv', 'Only tow the vehicle with a tow bar'),
(1009, 1009, 'ii', 'Only one passenger is allowed in the towed vehicle'),
(1010, 1009, 'iii', 'When towing a vehicle on a freeway at 30 km/h you may use a tow rope'),
(1011, 1009, 'i', 'A tractor is allowed to pull a trailer carrying l0 passengers if travelling at 30 km/h'),
(1012, 1009, 'iv', 'Your tow rope can be shorter than 1,8 m, but may not exceed 3,5 m'),
(1013, 1010, 'ii', 'If you are within l0 m of a lit street lamp'),
(1014, 1010, 'iii', 'If you are parked well off the road'),
(1015, 1010, 'i', 'If you are in a parking area marked by traffic signs'),
(1016, 1010, 'iv', 'If you are parked in a street that is not painted with parking lines or properly lit'),
(1017, 1011, 'ii', 'If road users and vehicles are not clearly visible within 150 m'),
(1018, 1011, 'iii', 'from when the sun goes down until it rises'),
(1019, 1011, 'i', 'From sunrise to sunset'),
(1020, 1011, 'iv', 'In rain or mist and you cannot see 80 m in front of you'),
(1021, 1013, 'ii', 'Check the nature and extent of the injuries suffered'),
(1022, 1013, 'iii', 'Do not give anyone your name and address'),
(1023, 1013, 'i', 'Immediately stop the vehicle'),
(1024, 1013, 'iv', 'If someone is badly injured or dead, do not move the vehicles until told to do so by a police officer'),
(1025, 1014, 'ii', 'report the accident within 24 days'),
(1026, 1014, 'iii', 'only ask the other person involved for a name'),
(1027, 1014, 'i', 'move the vehicle if it is obstructing traffic'),
(1028, 1014, 'iv', 'Take a small drink to help calm your nerves'),
(1029, 1015, 'ii', 'you should always wear soft rubber shoes'),
(1030, 1015, 'iii', 'you should always be able to see clearly on all sides of the vehicle'),
(1031, 1015, 'i', 'on a long drive, if you are feeling a little tired, stop and have a break'),
(1032, 1015, 'iv', 'your hands should be on the steering wheel ad all times'),
(1033, 1016, 'ii', 'keep as for left as possible'),
(1034, 1016, 'iii', 'do not accelerate'),
(1035, 1016, 'i', 'drive a little faster'),
(1036, 1016, 'iv', 'pull off the road and stop'),
(1037, 1017, 'ii', 'If you have been instructed to do so by a police officer'),
(1038, 1017, 'iii', 'At all times when a vehicle is turning right'),
(1039, 1017, 'i', 'If the vehicle is turning right at a corner and it is safe to do so without driving on the shoulder of the road'),
(1040, 1017, 'iv', 'If you are driving in a road with two or more lanes going in the some direction'),
(1041, 1018, 'ii', 'in misty conditions when you cannot see at least 100 m ahead'),
(1042, 1018, 'iii', 'near the crest of a hill'),
(1043, 1018, 'i', 'on a curve'),
(1044, 1018, 'iv', 'in a tunnel'),
(1045, 1019, 'ii', 'you were declared unfit to obtain a license for a certain period and that period is not over'),
(1046, 1019, 'iii', 'you suffer from epilepsy but the fits are controlled by medication'),
(1047, 1019, 'i', 'you are older than 70 years, or younger than I8 years'),
(1048, 1019, 'iv', 'you are blind in one eye'),
(1049, 1020, 'ii', 'have only one arm or one leg'),
(1050, 1020, 'iii', 'Do not have the use of your legs'),
(1051, 1020, 'i', 'had a license suspended temporarily and that suspension is not over'),
(1052, 1020, 'iv', 'already have a license for the same class of vehicle'),
(1053, 1022, 'ii', 'leave the vehicle unattended if the parking brake is up and the engine is not running'),
(1054, 1022, 'iii', 'use a vehicle that does not have a fuel cap'),
(1055, 1022, 'i', 'Allow the vehicle to spill oil, water or petrol on the surface of the road'),
(1056, 1022, 'iv', 'let the wheels spin when pulling off.'),
(1057, 1024, 'ii', 'ride in the vehicle if the driver only has a learner’s license'),
(1058, 1024, 'iii', 'Change the channel of the radio for the driver'),
(1059, 1024, 'i', 'use hand signals out of the window'),
(1060, 1024, 'iv', 'leave the vehicle before it has stopped'),
(1061, 1027, 'ii', 'alongside or opposite a vehicle where the road is 8 m wide'),
(1062, 1027, 'iii', 'At any place where stopping would endanger or obstruct other traffic'),
(1063, 1027, 'i', 'At any place where you would obscure a road traffic sign'),
(1064, 1027, 'iv', 'on the right-hand side of the road facing oncoming traffic'),
(1065, 1028, 'ii', 'notional roads is 100 km/h'),
(1066, 1028, 'iii', 'roads in most built-up areas is 60 km/h'),
(1067, 1028, 'i', 'freeways is I20 km/h'),
(1068, 1028, 'iv', 'None of the above'),
(1069, 1035, 'ii', 'Change a flat tyre'),
(1070, 1035, 'iii', 'Stretch his/her legs'),
(1071, 1035, 'i', 'pick up a hitchhiker'),
(1072, 1035, 'iv', 'Toke a break'),
(1073, 1041, 'ii', 'when you are entering a traffic circle and there is a vehicle approaching from the right'),
(1074, 1041, 'iii', 'when you are in a traffic circle'),
(1075, 1041, 'i', 'when you arrive first at a four-way slop'),
(1076, 1041, 'iv', 'when turning right at a two-way road intersection'),
(1077, 1043, 'ii', 'They must not exceed a width of 3 m'),
(1078, 1043, 'iii', 'They must not protrude more than 1,8 m at the rear'),
(1079, 1043, 'i', 'They must not interfere with the driver''s view'),
(1080, 1043, 'iv', 'They must not touch the surface of the road'),
(1081, 1046, 'ii', 'longer on a wet road than a dry road'),
(1082, 1046, 'iii', 'longer if the vehicle is heavily loaded'),
(1083, 1046, 'i', 'longer if the vehicle is at a higher speed'),
(1084, 1046, 'iv', 'longer on a dry road than on a wet road'),
(1085, 1049, 'ii', 'Carry passengers'),
(1086, 1049, 'iii', 'reverse more than 90 m'),
(1087, 1049, 'i', 'Drive on a freeway'),
(1088, 1049, 'iv', 'leave the engine running while the vehicle is unattended'),
(1089, 1053, 'ii', 'while reversing you don''t have to wear a seat belt'),
(1090, 1053, 'iii', 'If you have only one passenger, he/she may sit in the bock where there are no seat belts'),
(1091, 1053, 'i', 'Children younger than 14 years do not need to wear seat belts'),
(1092, 1053, 'iv', 'If the vehicle you are using has seat belts in the front or the bock, they must be worn');

CREATE TABLE `image_match` (
  `id` int(11) NOT NULL,
  `question_id` int(11) NOT NULL,
  `image_no` int(11) NOT NULL,
  `letter` varchar(1) NOT NULL,
  `image_path` varchar(100) NOT NULL
) ENGINE=InnoDB DEFAULT CHARSET=latin1;

CREATE TABLE `question` (
  `id` int(11) NOT NULL,
  `category_id` int(11) DEFAULT NULL,
  `question_choice_id` int(11) DEFAULT NULL,
  `question_no` int(11) NOT NULL,
  `question_text` varchar(200) NOT NULL
) ENGINE=InnoDB DEFAULT CHARSET=latin1;

INSERT INTO `question` (`id`, `category_id`, `question_choice_id`, `question_no`, `question_text`) VALUES
(1001, 1003, 1001, 1, 'When turning right or left at an intersection:'),
(1002, 1003, 1002, 2, 'When turning at an intersection:'),
(1003, 1003, 1003, 3, 'When approaching on intersection you must stop if'),
(1004, 1003, 1004, 4, 'When approaching a robot and the red light is flashing, you must:'),
(1005, 1003, 1005, 5, 'When turning right or left of on intersection you must:'),
(1006, 1003, 1006, 6, 'You may not enter an intersection if:'),
(1007, 1003, 1007, 7, 'When approaching a four-way stop, the driver mush'),
(1008, 1003, 1008, 8, 'lf the vehicle you are towing hos defective brakes, you must:'),
(1009, 1003, 1009, 9, 'Name a few of the rules of towing:'),
(1010, 1003, 1010, 10, 'When parking on a public road or night you may only use your parking lights:'),
(1011, 1003, 1011, 11, 'When do you switch on your headlights:'),
(1012, 1003, 1012, 12, 'What are the maximum distances that driving and passing beams should be able to illuminate:'),
(1013, 1003, 1013, 13, 'When involved in an accident, what actions should you take:'),
(1014, 1003, 1014, 14, 'if there is no serious damage or injury you must:'),
(1015, 1003, 1015, 15, 'Choose a few important safe driving points:'),
(1016, 1003, 1016, 16, 'When you become aware that someone is trying to pass you, you must:'),
(1017, 1003, 1017, 17, 'Under what circumstances may you pass another vehicle on the left-hand side:'),
(1018, 1003, 1018, 18, 'You may not pass another vehicle:'),
(1019, 1003, 1019, 19, 'You may not obtain a learner’s license if:'),
(1020, 1003, 1020, 20, 'You are also not allowed to get a learner’s license if you:'),
(1021, 1003, 1021, 21, 'Is your following distance safe if the vehicle in front of you suddenly stops and you arable to:'),
(1022, 1003, 1022, 22, 'the driver of a vehicle may not:'),
(1023, 1003, 1023, 23, 'A driver may:'),
(1024, 1003, 1024, 24, 'Passengers may:'),
(1025, 1003, 1025, 25, 'Under what conditions may you drive on the right-hand side of a two-way road:'),
(1026, 1003, 1026, 26, 'What is the minimum depth of the tread allowed on a tyre:'),
(1027, 1003, 1027, 27, 'Where are you not allowed to stop:'),
(1028, 1003, 1028, 28, 'The maximum legal speed at which you may drive on:'),
(1029, 1003, 1029, 29, 'Where is it legal to stop your vehicle:'),
(1030, 1003, 1030, 30, 'To avoid a fine, you must produce your license on request from a traffic officer:'),
(1031, 1003, 1031, 31, 'Under normal circumstances it is legal for a driver to allow a passenger to do the following:'),
(1032, 1003, 1032, 32, 'it is permissible to park your vehicle within ......... of on intersection:'),
(1033, 1003, 1033, 33, 'Seat belts must be worn:'),
(1034, 1003, 1034, 34, 'To avoid being fined, a driver must ensure that a small child sits:'),
(1035, 1003, 1035, 35, 'Under normal circumstances a driver may stop on a freeway to:'),
(1036, 1003, 1036, 36, 'Your vehicle will be towed away and impounded if left:'),
(1037, 1003, 1037, 37, 'What is the longest lime you may leave your vehicle parked in one place next to a public road in on urban area:'),
(1038, 1003, 1038, 38, 'Under normal circumstances you may do the following:'),
(1039, 1003, 1039, 39, 'You may not use your hooter except under the following circumstances:'),
(1040, 1003, 1040, 40, 'What else is important about the hooter:'),
(1041, 1003, 1041, 41, 'Under which of the following circumstances do you have right of way:'),
(1042, 1003, 1042, 42, 'Is a vehicle license valid for:'),
(1043, 1003, 1043, 43, 'What are the legal requirements for carrying goods on your vehicle:'),
(1044, 1003, 1044, 44, 'Before changing lanes the first thing you must do is:'),
(1045, 1003, 1045, 45, 'What is a safe following distance at all speeds:'),
(1046, 1003, 1046, 46, 'When making on urgent slop, it tokes:'),
(1047, 1003, 1047, 47, 'Unless otherwise indicated by a road traffic sign, the general speed you may travel in a town or city is:'),
(1048, 1003, 1048, 48, 'What is the most important rule of the road in South Africa:'),
(1049, 1003, 1049, 49, 'A learner driver may not:'),
(1050, 1003, 1050, 50, 'When changing lanes, you must:'),
(1051, 1003, 1051, 51, 'You may enter or cross a public rood if:'),
(1052, 1003, 1052, 52, 'When you become aware of an emergency vehicle sounding q siren on a public road, you must:'),
(1053, 1003, 1053, 53, 'What is the rule for wearing seat belts in a vehicle:'),
(1054, 1003, 1054, 54, 'lf you have q learners license for a light motor vehicle you:'),
(1055, 1003, 1055, 55, 'On Sketch 4, road marking RTM1 means that:'),
(1056, 1003, 1056, 56, 'On Sketch 5, arrow D shows that you:'),
(1057, 1003, 1057, 57, 'road marking A in Sketch 6 tells you that:'),
(1058, 1003, 1058, 58, 'road marking B in Sketch 6 tells you that:'),
(1059, 1003, 1059, 59, 'In Sketch Z vehicle A hos broken down. To go post vehicle A, vehicle B must:'),
(1060, 1003, 1060, 60, 'In Sketch 8, if you want to change from lane L1 to lane L2, you must:'),
(1061, 1003, 1061, 61, 'In Sketch 8, under what conditions are you allowed to drive to the left of yellow line RM 4.1:'),
(1062, 1003, 1062, 62, 'What does the road marking GM 1 in Sketch 9 tell you:'),
(1063, 1003, 1063, 63, 'Road markings RTM 3 in Sketch 8 tell us that:'),
(2001, 1001, NULL, 1, 'Name the group of signs that these belong to:'),
(2002, 1001, NULL, 2, 'Name the group of signs that these belong to:'),
(2003, 1001, NULL, 3, 'Name the group of signs that these belong to:'),
(2004, 1001, NULL, 4, 'Name the group of signs that these belong to:'),
(2005, 1001, NULL, 5, 'Which of the signs shown here are:'),
(2006, 1001, NULL, 6, 'Name the signs shown here:'),
(2007, 1001, NULL, 7, 'Name the guidance signs shown here:'),
(2008, 1001, NULL, 8, 'Two of the signs shown here are either permanent or temporary information signs, and two are either temporary or permanent regulatory signs. Name them:'),
(2009, 1001, NULL, 9, 'Name the signs shown here:'),
(2010, 1001, NULL, 10, 'Does this sign tell you to:'),
(2011, 1001, NULL, 11, 'What must you not do when you see this sign:'),
(2012, 1001, NULL, 12, 'When you see these signs you must:'),
(2013, 1001, NULL, 13, 'When driving in the vicinity of this road marking, you must:'),
(2014, 1001, NULL, 14, 'What does this sign forbid:'),
(2015, 1001, NULL, 15, 'What does this sign indicate:'),
(2016, 1001, NULL, 16, 'When you are approaching this sign you must:'),
(2017, 1001, NULL, 17, 'This sign indicates that:'),
(2018, 1001, NULL, 18, 'This sign shows you that:'),
(2019, 1001, NULL, 19, 'This sign tells you that:'),
(2020, 1001, NULL, 20, 'The sign shown here tells you:'),
(2021, 1001, NULL, 21, 'What does this sign mean:'),
(2022, 1001, NULL, 22, 'When a motorcyclist sees this sign he/she must:'),
(2023, 1001, NULL, 23, 'What does this sign indicate to the driver:'),
(2024, 1001, NULL, 24, 'What does this sign show us:'),
(2025, 1001, NULL, 25, 'What is the meaning of this sign:'),
(2026, 1001, NULL, 26, 'This sign allows only ..... to park here:'),
(2027, 1001, NULL, 27, 'This sign tells you that:'),
(2028, 1001, NULL, 28, 'This sign shows you that:'),
(2029, 1001, NULL, 29, 'When you see the following sign you must:'),
(2030, 1001, NULL, 30, 'This sign tells us that you must:'),
(2031, 1001, NULL, 31, 'When you see this sign you must:'),
(2032, 1001, NULL, 32, 'This sign indicates that:'),
(2033, 1001, NULL, 33, 'When you see this sign ahead of you, you must:'),
(2034, 1001, NULL, 34, 'This sign tells you to:'),
(2035, 1001, NULL, 35, 'This sign tells all truck drivers that:'),
(2036, 1001, NULL, 36, 'This tells you that:'),
(2037, 1001, NULL, 37, 'This sign indicates:'),
(2038, 1001, NULL, 38, 'This sign allows:'),
(2039, 1001, NULL, 39, 'This sign forbids you to:'),
(2040, 1001, NULL, 40, 'This sign informs truck drivers that:'),
(2041, 1001, NULL, 41, 'This sign informs motorcyclists that:'),
(2042, 1001, NULL, 42, 'This sign prohibits slopping for:'),
(2043, 1001, NULL, 43, 'This sign prohibits .... from entering the area:'),
(2044, 1001, NULL, 44, 'This area is reserved for:'),
(2045, 1001, NULL, 45, 'This area does not allow vehicles that carry:'),
(2046, 1001, NULL, 46, 'This sign means that:'),
(2047, 1001, NULL, 47, 'This area is reserved for:'),
(2048, 1001, NULL, 48, 'This parking area is reserved for:'),
(2049, 1001, NULL, 49, 'This area is reserved for:'),
(2050, 1001, NULL, 50, 'This sign means that you may only:'),
(2051, 1001, NULL, 51, 'This sign warns you of:'),
(2052, 1001, NULL, 52, 'This sign regulates your speed if:'),
(2053, 1001, NULL, 53, 'This sign warns you that:'),
(2054, 1001, NULL, 54, 'This sign warns you that:'),
(2055, 1001, NULL, 55, 'This sign warns you that the:'),
(2056, 1001, NULL, 56, 'This sign warns you that ahead of you is a:'),
(2057, 1001, NULL, 57, 'This sign warns you that you are coming up to:'),
(2058, 1001, NULL, 58, 'This sign warns you that there is:'),
(2059, 1001, NULL, 59, 'This sign prohibits you from:'),
(2060, 1001, NULL, 60, 'This sign warns you that:'),
(2061, 1001, NULL, 61, 'This sign instructs you that in the right-hand Ione you must:'),
(2062, 1001, NULL, 62, 'This sign tells you that:'),
(2063, 1001, NULL, 63, 'This sign warns motorcycle riders that:'),
(2064, 1001, NULL, 64, 'This sign warns you that:'),
(2065, 1001, NULL, 65, 'This sign warns you that there:'),
(2066, 1001, NULL, 66, 'This sign warns you of:'),
(2067, 1001, NULL, 67, 'This sign warns you that:'),
(2068, 1001, NULL, 68, 'This sign warns you that'),
(2069, 1001, NULL, 69, 'This sign indicates:'),
(2070, 1001, NULL, 70, 'This sign warns you that the:'),
(2071, 1001, NULL, 71, 'This sign warns you of:'),
(2072, 1001, NULL, 72, 'This sign warns you:'),
(2073, 1001, NULL, 73, 'This sign brings your attention to:'),
(2074, 1001, NULL, 74, 'This sign warns you of:'),
(2075, 1001, NULL, 75, 'This sign prohibits you from driving:'),
(2076, 1001, NULL, 76, 'This sign warns you of:'),
(2077, 1001, NULL, 77, 'This sign warns you that:'),
(2078, 1001, NULL, 78, 'This sign warns you of:'),
(2079, 1001, NULL, 79, 'This sign warns you that:'),
(2080, 1001, NULL, 80, 'This sign warns you about:'),
(2081, 1001, NULL, 81, 'This sign warns you of:'),
(2082, 1001, NULL, 82, 'What does this flashing sign show you?:'),
(2083, 1001, NULL, 83, 'This sign tells you that you must:'),
(2084, 1001, NULL, 84, 'This hazard warns you of:'),
(2085, 1001, NULL, 85, 'This sign tells you of:'),
(2086, 1001, NULL, 86, 'This sign warns you about:'),
(2087, 1001, NULL, 87, 'This robot indicates that the driver must:'),
(2088, 1001, NULL, 88, 'This robot indicates the following:'),
(2089, 1001, NULL, 89, 'This sign indicates to the driver that:'),
(2090, 1001, NULL, 90, 'This sign informs the driver that:'),
(2091, 1001, NULL, 91, 'This sign shows you that there is a speed restriction because:'),
(2092, 1001, NULL, 92, 'This road marking shows you that:'),
(2093, 1001, NULL, 93, 'This road marking shows you that:'),
(2094, 1001, NULL, 94, 'This zigzag zone approach to a pedestrian crossing tells you that:'),
(2095, 1001, NULL, 95, 'These road markings show you that:'),
(2096, 1001, NULL, 96, 'Does this road marking mean that:'),
(2097, 1001, NULL, 97, 'Does road marking x mean that:'),
(2098, 1001, NULL, 98, 'Does the far right arrow:'),
(2099, 1001, NULL, 99, 'What is the meaning of this sign:'),
(2100, 1001, NULL, 100, 'What is the meaning of this selective regulatory sign:');


CREATE TABLE `question_answer` (
  `id` int(11) NOT NULL,
  `question_id` int(11) NOT NULL,
  `answer_id` int(11) NOT NULL
) ENGINE=InnoDB DEFAULT CHARSET=latin1;
